Emp. Bernstein for CIPS,ESLB,Implicit Exploration Bound,L = 1 Emp. SM for CIPS,LS Bound,dataset,temp_0,temp
1.0,1.0,0.6290689405761501,0.7338898665946085,0.604169698390643,ecoli,0.3,0.1
1.0,1.0,0.7665656576459249,0.8076891526857158,0.7525394344363642,ecoli,0.25,0.1
1.0,1.0,0.5567297182300436,0.7406394577045978,0.4428355265982608,ecoli,0.2,0.1
1.0,1.0,0.5174519305030643,0.6662336206794304,0.472570131710992,ecoli,0.3,0.2
1.0,1.0,0.5528147697727597,0.7126148927709128,0.4893324802114952,ecoli,0.25,0.2
1.0,1.0,0.8326567007204433,0.8317441725989134,0.831400473049315,ecoli,0.2,0.2
1.0,1.0,0.6592437824347895,0.7346194711530927,0.6128676724578955,ecoli,0.3,0.3
1.0,1.0,0.5201990433341934,0.6909935881659984,0.4050424804280271,ecoli,0.25,0.3
1.0,1.0,0.8014623250682773,0.854333552862163,0.7455875403554523,ecoli,0.2,0.3
1.0,1.0,0.42369458050522174,0.5123317697100286,0.27236091729375933,ecoli,0.3,0.4
1.0,1.0,0.6499023666441128,0.7491972266561844,0.5205911501282564,ecoli,0.25,0.4
1.0,1.0,0.83965116337069,0.8820882316194691,0.762901664744603,ecoli,0.2,0.4
1.0,1.0,0.7166230563351915,0.7125250898586314,0.6099182386328399,ecoli,0.3,0.5
1.0,1.0,0.7181176627948561,0.7754967578543924,0.5545575149957184,ecoli,0.25,0.5
1.0,1.0,0.8950277573285098,0.9260757434945398,0.7981073617622421,ecoli,0.2,0.5
1.0,1.0,0.5643888268368042,0.7104343090316478,0.5303688857119145,ecoli,0.3,0.1
1.0,1.0,0.6529238533432753,0.7915061273272622,0.6082068986003645,ecoli,0.25,0.1
1.0,1.0,0.8432738520060699,0.8429259990564496,0.8425504588822349,ecoli,0.2,0.1
1.0,1.0,0.6676929357342386,0.7476245974599293,0.6412145701833303,ecoli,0.3,0.2
1.0,1.0,0.6052229177374961,0.7334465509458444,0.5489748605942066,ecoli,0.25,0.2
1.0,1.0,0.668146894985086,0.800839360464773,0.5781027603818172,ecoli,0.2,0.2
1.0,1.0,0.6703587597706957,0.742879875345631,0.6114429025857834,ecoli,0.3,0.3
1.0,1.0,0.6737265725759776,0.7801000995686662,0.5958172436612132,ecoli,0.25,0.3
1.0,1.0,0.6926871356711577,0.7837183550832862,0.5470914514911058,ecoli,0.2,0.3
1.0,1.0,0.4230303939859162,0.4920036380063558,0.24124297156643099,ecoli,0.3,0.4
1.0,1.0,0.6567177922683548,0.7433367074832801,0.5043362073859347,ecoli,0.25,0.4
1.0,1.0,0.7574391414108486,0.8259039643532118,0.5741147342470835,ecoli,0.2,0.4
1.0,1.0,0.7447058385481223,0.7033706347976183,0.6203596144187932,ecoli,0.3,0.5
1.0,1.0,0.7064516495843421,0.7248549374508859,0.5012237420697888,ecoli,0.25,0.5
1.0,1.0,0.8231888256961152,0.8574187119843292,0.5939332163150114,ecoli,0.2,0.5
1.0,1.0,0.3618948421743087,0.6250794615358773,0.29985901676690807,ecoli,0.3,0.1
1.0,1.0,0.6962775338938754,0.8002138576585164,0.6630144622373747,ecoli,0.25,0.1
1.0,1.0,0.7583419405652044,0.8352292382039508,0.712456829752404,ecoli,0.2,0.1
1.0,1.0,0.5396035696620427,0.6867787461791247,0.4884022320109189,ecoli,0.3,0.2
1.0,1.0,0.8047489040834329,0.8512760340324392,0.7829533492425466,ecoli,0.25,0.2
1.0,1.0,0.6561401804930818,0.7922690941433391,0.5434847012177751,ecoli,0.2,0.2
1.0,1.0,0.47114201235436054,0.6058996259380568,0.35430618018962245,ecoli,0.3,0.3
1.0,1.0,0.592343259019915,0.7216033712607874,0.4534895876109668,ecoli,0.25,0.3
1.0,1.0,0.7095522419777662,0.7679111214178118,0.509447183316011,ecoli,0.2,0.3
1.0,1.0,0.5832711245210972,0.5970379592942857,0.4227562825475151,ecoli,0.3,0.4
1.0,1.0,0.80594860776286,0.8315652996750349,0.7067674359263474,ecoli,0.25,0.4
1.0,1.0,0.6923790109151624,0.8395294544494415,0.4470631492700587,ecoli,0.2,0.4
1.0,1.0,0.7768049031932782,0.7480845373907398,0.6649121315604044,ecoli,0.3,0.5
1.0,1.0,0.7348186986789536,0.6714980974561348,0.5003910550104063,ecoli,0.25,0.5
1.0,1.0,0.9871135238590332,0.8499721502550129,0.8285352893304004,ecoli,0.2,0.5
1.0,1.0,0.6266410853407606,0.7153039603602483,0.6056254451310955,arrhythmia,0.3,0.1
1.0,1.0,0.503427754419689,0.6734756841281958,0.44837405522167023,arrhythmia,0.25,0.1
1.0,1.0,0.7341099207146401,0.7847338474276339,0.7048729877565657,arrhythmia,0.2,0.1
1.0,1.0,0.5360827773949174,0.6568671801243254,0.49474314662073043,arrhythmia,0.3,0.2
1.0,1.0,0.48339572352787163,0.6759360869987799,0.40276809433999283,arrhythmia,0.25,0.2
1.0,1.0,0.5078349999906367,0.7038481662980759,0.3712197613824055,arrhythmia,0.2,0.2
1.0,1.0,0.6073302150530653,0.6769835225182588,0.5337665903360463,arrhythmia,0.3,0.3
1.0,1.0,0.7416227480208817,0.7866674047659388,0.6950418481702115,arrhythmia,0.25,0.3
1.0,1.0,0.6396640591580498,0.7603054515417755,0.48265155071980276,arrhythmia,0.2,0.3
1.0,1.0,0.5659027814384914,0.5518479716397651,0.41966980266963594,arrhythmia,0.3,0.4
1.0,1.0,0.8235676746118319,0.8406171793968438,0.7546189219556484,arrhythmia,0.25,0.4
1.0,1.0,0.9471235998015263,0.9429224988882391,0.942847107552359,arrhythmia,0.2,0.4
1.0,1.0,0.5272538122107647,0.39274140157427795,0.2774881441504497,arrhythmia,0.3,0.5
1.0,1.0,0.8455922242939319,0.8267589383229523,0.7173714527311171,arrhythmia,0.25,0.5
1.0,1.0,0.5840716230220684,0.6553277638247768,0.0025605346841098635,arrhythmia,0.2,0.5
1.0,1.0,0.4584973026450867,0.6313670947908462,0.4177026370877065,arrhythmia,0.3,0.1
1.0,1.0,0.6281760176085122,0.7418392712511079,0.5926375499549753,arrhythmia,0.25,0.1
1.0,1.0,0.6315126003116288,0.7447606068580552,0.5671850226847412,arrhythmia,0.2,0.1
1.0,1.0,0.6020866627468617,0.7110289587080547,0.5628608225459281,arrhythmia,0.3,0.2
1.0,1.0,0.6690235764399712,0.768991647154009,0.6196450357781507,arrhythmia,0.25,0.2
1.0,1.0,0.5853321088882603,0.7391182028643509,0.46554931071433153,arrhythmia,0.2,0.2
1.0,1.0,0.478249510918253,0.5709630134708804,0.3677995590716821,arrhythmia,0.3,0.3
1.0,1.0,0.5581599054795272,0.6661856424174097,0.4221262033497852,arrhythmia,0.25,0.3
1.0,1.0,0.7860040479234488,0.7884649287405109,0.6900481708761588,arrhythmia,0.2,0.3
1.0,1.0,0.8056090166857282,0.7513058527416195,0.7016841048966115,arrhythmia,0.3,0.4
1.0,1.0,0.31240614135225875,0.39179364592164817,-0.0,arrhythmia,0.25,0.4
1.0,1.0,0.8818109806782343,0.8680191288602911,0.7641899966998787,arrhythmia,0.2,0.4
1.0,1.0,0.6509948938234972,0.507056447396014,0.42793859675217805,arrhythmia,0.3,0.5
1.0,1.0,0.9301773036637762,0.8392023142257266,0.8036570451969918,arrhythmia,0.25,0.5
1.0,1.0,0.808009023972449,0.7567638550282874,0.4453221811788705,arrhythmia,0.2,0.5
1.0,1.0,0.5650413702944497,0.7046217131890299,0.5338470668814241,arrhythmia,0.3,0.1
1.0,1.0,0.8401326430849771,0.8398363671945689,0.8394615293202954,arrhythmia,0.25,0.1
1.0,1.0,0.8122625909445219,0.8117140628624137,0.8113946212248204,arrhythmia,0.2,0.1
1.0,1.0,0.5417452610253157,0.6807885251949496,0.4830197865659303,arrhythmia,0.3,0.2
1.0,1.0,0.7362393871102683,0.8043786785635122,0.6938773916462155,arrhythmia,0.25,0.2
1.0,1.0,0.7434411872772276,0.7845204087654799,0.6835100041530536,arrhythmia,0.2,0.2
1.0,1.0,0.627390495224524,0.6623298161544631,0.5276761582231713,arrhythmia,0.3,0.3
1.0,1.0,0.5310035445835429,0.5971209925270106,0.33679111754429336,arrhythmia,0.25,0.3
1.0,1.0,0.9147359054094861,0.8715609720677793,0.8708122679666377,arrhythmia,0.2,0.3
1.0,1.0,0.6252227363882841,0.5034198982510886,0.4200038456246172,arrhythmia,0.3,0.4
1.0,1.0,0.7187920335932172,0.6834304515751813,0.5095026061389575,arrhythmia,0.25,0.4
1.0,1.0,0.8643927498662128,0.7366577408226789,0.6275086316607479,arrhythmia,0.2,0.4
1.0,1.0,0.6844603522795618,0.4969052494114644,0.4402426425628624,arrhythmia,0.3,0.5
1.0,1.0,0.9906531607112187,0.8420320820799908,0.8398400578572098,arrhythmia,0.25,0.5
1.0,1.0,0.8128851214859746,0.6604464083596064,0.35858546454797224,arrhythmia,0.2,0.5
0.5850239598888621,0.7501702315338475,0.24320495977643575,0.28515919781987786,0.22574029545583038,eating,0.3,0.1
0.6303367985121164,0.8336542396098634,0.35940804788570485,0.36955478973027084,0.3492495874838678,eating,0.25,0.1
0.6504610947611311,1.0,0.3181758643140052,0.37342645216135617,0.2855501923866053,eating,0.2,0.1
0.5649201025799779,0.757079630334744,0.21073292401519877,0.2535997482495111,0.18881684444069644,eating,0.3,0.2
0.6195594383934404,0.8946802192465277,0.23925967262041578,0.3100564085900297,0.21012805217376526,eating,0.25,0.2
0.6473755398445995,1.0,0.353806444122352,0.37754551759945554,0.3329460049753498,eating,0.2,0.2
0.6283014532371564,0.7602393896649831,0.24753941369736956,0.2642831520963842,0.21955163843098713,eating,0.3,0.3
0.6654848299147712,0.8769766699282532,0.2481116198519234,0.3037669220678801,0.20772596011662678,eating,0.25,0.3
0.7107245852287926,1.0,0.37642168514123425,0.39681551398212234,0.3501839089416145,eating,0.2,0.3
0.733658237587426,0.8280542421490087,0.30066166544493317,0.29506494495532654,0.2632857844176395,eating,0.3,0.4
0.7791870034895558,0.9124042799058707,0.3153792448435762,0.3396360796163548,0.2702381595972939,eating,0.25,0.4
0.7604045281697107,1.0,0.4531879672619056,0.44605934854094575,0.4459365217483664,eating,0.2,0.4
0.8277624606486219,0.8762072145331369,0.3415466049688216,0.32029304271547226,0.30065872267611365,eating,0.3,0.5
0.908057522918219,1.0,0.4463831659279805,0.4410006453969538,0.42637949215374954,eating,0.25,0.5
0.9105830449164589,1.0,0.3454217341920535,0.38898457186886165,0.2378617447601337,eating,0.2,0.5
0.6693573985125124,0.771998975283812,0.3043330729805765,0.3378279939070808,0.29079656338646986,eating,0.3,0.1
0.5578529835537233,0.93370941553804,0.055815415813508996,0.22909935030441406,0.005603526327949954,eating,0.25,0.1
0.6675061964542961,1.0,0.2514246645083127,0.3477597897931524,0.20156173660189347,eating,0.2,0.1
0.5125222775529737,0.7872602439944745,0.10783229295393792,0.17572114887466672,0.07733256151162454,eating,0.3,0.2
0.6604291451110197,0.8933475663810564,0.26131362677785985,0.3218372210483974,0.23361069593916112,eating,0.25,0.2
0.6846827681829829,1.0,0.3066431973699357,0.3654212505264445,0.26714479904244365,eating,0.2,0.2
0.6715785871547431,0.8367522857629411,0.26290318633658355,0.2759203810540112,0.2274886006003586,eating,0.3,0.3
0.7470863057124545,0.9163250278684121,0.34208918256997217,0.3674559490936286,0.3050500383132094,eating,0.25,0.3
0.7007632923419488,1.0,0.2270401053872634,0.31245015035446744,0.10983638060722985,eating,0.2,0.3
0.7907761944373023,0.828585781657313,0.3819596474589114,0.36177537384249553,0.3473235157081517,eating,0.3,0.4
0.8098758943633771,1.0,0.3194287921438223,0.33961549654614465,0.24820850687594742,eating,0.25,0.4
0.8097612229503596,1.0,0.37622804196355586,0.3661523266645437,0.26125960895582473,eating,0.2,0.4
0.8871325580276946,0.9695384910257404,0.47251002932359226,0.44452818722253556,0.44099215033427097,eating,0.3,0.5
0.8925382908996204,1.0,0.3957173604515438,0.3578329585671221,0.3126595951629954,eating,0.25,0.5
0.9010358551895401,1.0,0.4581113412045934,0.3949285135041522,0.3383804515970631,eating,0.2,0.5
0.7891442403776711,1.0,0.4541195931864543,0.4594605390132095,0.44868047533629474,eating,0.3,0.1
0.7122379685411538,1.0,0.2953340993627496,0.35139399522332687,0.27634842731794557,eating,0.25,0.1
0.698261082059373,1.0,0.4216233181427195,0.41734044467696374,0.4170653847900049,eating,0.2,0.1
0.7098325792733917,0.8897693439368787,0.28382513603723264,0.3226945953974692,0.2629479118061355,eating,0.3,0.2
0.7250010637297728,0.9851048312575218,0.3037765073346097,0.353535287904105,0.27969446255085484,eating,0.25,0.2
0.7088617165426675,1.0,0.23799724065715197,0.337888441619159,0.17322165824114052,eating,0.2,0.2
0.6909012834681174,0.8077543360530626,0.24697470938512803,0.25796514746533655,0.20509406598493124,eating,0.3,0.3
0.784262081994087,1.0,0.34506898349398146,0.3686782821858912,0.3005543774492176,eating,0.25,0.3
0.7652976918165426,1.0,0.3496630546519247,0.36237517113279855,0.25163012689008724,eating,0.2,0.3
0.7147038653177034,0.8446869749063158,0.2625185022812169,0.2215019067292109,0.18100836258121433,eating,0.3,0.4
0.7590219210106557,1.0,0.26289056327107985,0.258598949442081,0.14236873829335467,eating,0.25,0.4
0.8540692292861646,1.0,0.4569223943238363,0.40478062352330285,0.34777483202379383,eating,0.2,0.4
0.8043130545763039,0.9389738260380328,0.3280723871420974,0.26037252804770394,0.23292061861993524,eating,0.3,0.5
0.8353567396166568,0.974221026478013,0.2929081018852597,0.2662094525626885,0.15949460980454674,eating,0.25,0.5
0.9024853946179452,1.0,0.43998129522485335,0.3566312679185421,0.2439677950209365,eating,0.2,0.5
0.7769939228630673,0.9949223764104226,0.3040282056099757,0.4214566642912789,0.2744240016101763,balance-scale,0.3,0.1
0.9155464590003953,1.0,0.41267809432314073,0.546303129987291,0.374982389878005,balance-scale,0.25,0.1
0.9721201006718949,1.0,0.6123885900774321,0.6507547312837291,0.5906903038831623,balance-scale,0.2,0.1
0.7575112746856284,0.9523469491237668,0.27853964009229976,0.4022895220535005,0.24478658553135937,balance-scale,0.3,0.2
0.8984438451603557,1.0,0.36950369614104805,0.5236728736992395,0.3236514592229725,balance-scale,0.25,0.2
0.9692754121896233,1.0,0.605895631264545,0.6438042866875178,0.583411018763061,balance-scale,0.2,0.2
0.8963509262026822,0.9984194985364534,0.43480259676819744,0.5007706575861897,0.409447626561648,balance-scale,0.3,0.3
0.9169466610039442,1.0,0.37485265312810956,0.5205003238929892,0.3211514179643562,balance-scale,0.25,0.3
0.9700409399586278,1.0,0.6802289793269642,0.6778496992370604,0.6776296974302697,balance-scale,0.2,0.3
0.8246105611632498,0.9952757642284877,0.3324647569264673,0.4094025401867653,0.28543429804628545,balance-scale,0.3,0.4
1.0,1.0,0.4790016655433792,0.5727471382494662,0.43206067035385143,balance-scale,0.25,0.4
1.0,1.0,0.446509542372042,0.5917215384848454,0.33686992465794074,balance-scale,0.2,0.4
0.9807711242624936,1.0,0.4760742877459878,0.5096952292266951,0.4378435130559033,balance-scale,0.3,0.5
0.9580445313432554,1.0,0.3541944105324994,0.4878292118375544,0.26564645933787173,balance-scale,0.25,0.5
1.0,1.0,0.6451545280627479,0.6768508108821066,0.6114897162644772,balance-scale,0.2,0.5
0.8604790036012864,1.0,0.34596152155010074,0.4555493222203011,0.31993056371809936,balance-scale,0.3,0.1
0.995338351451313,1.0,0.49305058700673327,0.5921275360133352,0.4657347516861459,balance-scale,0.25,0.1
0.9952347128396315,1.0,0.6910065551400706,0.6894507228641347,0.6892023007664728,balance-scale,0.2,0.1
0.7045866790111397,1.0,0.1647650788026042,0.32348866602914134,0.12174262409320181,balance-scale,0.3,0.2
0.9944828722544803,1.0,0.48935321172711527,0.5865359100665021,0.46035660929380795,balance-scale,0.25,0.2
1.0,1.0,0.48448433529417567,0.6148521130093871,0.414024187224483,balance-scale,0.2,0.2
0.9109604688955806,1.0,0.40280836923658775,0.47458998148885845,0.3740169173110348,balance-scale,0.3,0.3
0.9587191119800804,1.0,0.3597161461169658,0.5211194528786249,0.30175654727781087,balance-scale,0.25,0.3
1.0,1.0,0.6305224064913368,0.6714135609946091,0.6036086112174771,balance-scale,0.2,0.3
0.9588113164325069,1.0,0.4344621938562404,0.48876347596979364,0.3989498798485517,balance-scale,0.3,0.4
1.0,1.0,0.5165190659651009,0.5869454894347658,0.4641802042705413,balance-scale,0.25,0.4
1.0,1.0,0.5830133853541115,0.6614403582996277,0.5230818918111009,balance-scale,0.2,0.4
0.8815911044485524,1.0,0.3463185551029361,0.37807085113433087,0.28072861580567643,balance-scale,0.3,0.5
1.0,1.0,0.4346487200757319,0.5425986999274267,0.3634747372218819,balance-scale,0.25,0.5
1.0,1.0,0.6578671695477734,0.6925202396843403,0.6221181740935571,balance-scale,0.2,0.5
0.9114738491722053,1.0,0.3306065569631699,0.4551008868358111,0.30290072658931355,balance-scale,0.3,0.1
1.0,1.0,0.4213891809846652,0.561774592295894,0.3841550053988651,balance-scale,0.25,0.1
1.0,1.0,0.6888924135678632,0.6875066956092978,0.6872479788448497,balance-scale,0.2,0.1
1.0,1.0,0.47239740780595896,0.5438346302221498,0.45411882192681946,balance-scale,0.3,0.2
1.0,1.0,0.5688472794386555,0.6512157972019347,0.5453746259314836,balance-scale,0.25,0.2
1.0,1.0,0.6931082423634244,0.6916433665786106,0.6913933394678957,balance-scale,0.2,0.2
1.0,1.0,0.5961468307429101,0.6215363136156383,0.5796876246352104,balance-scale,0.3,0.3
1.0,1.0,0.4814361831275973,0.5715962170800595,0.4324831142893856,balance-scale,0.25,0.3
1.0,1.0,0.49160496133414794,0.6263041482333123,0.3995022798862596,balance-scale,0.2,0.3
0.9116140151254399,1.0,0.32773971203008245,0.4058520710172921,0.26985121254140243,balance-scale,0.3,0.4
1.0,1.0,0.37914053986593954,0.5114373908124394,0.30877755748867736,balance-scale,0.25,0.4
1.0,1.0,0.6453320255045133,0.661125957795489,0.5827984434846208,balance-scale,0.2,0.4
0.8177284284523624,1.0,0.234848506114489,0.2858777835449921,0.14848201279215426,balance-scale,0.3,0.5
1.0,1.0,0.49047774564842866,0.5127297386751644,0.38098150131523867,balance-scale,0.25,0.5
1.0,1.0,0.4315319796501974,0.5580999219688445,0.2435877236993381,balance-scale,0.2,0.5
0.6250756618049949,0.7508084637301278,0.3194136073264567,0.3105586618790425,0.30919203634176845,micro-mass,0.3,0.1
0.5642105193372153,0.9222084505711093,0.1601908125759436,0.20851319192096063,0.12763741205727017,micro-mass,0.25,0.1
0.6191106077146429,1.0,0.25219910307098753,0.2868572152182148,0.2169511870453084,micro-mass,0.2,0.1
0.6327952314904197,0.821020647071338,0.17441476228257427,0.21553205261082578,0.13834961210686014,micro-mass,0.3,0.2
0.6582858053518139,0.8400382682493253,0.3376751977074032,0.32731562742966935,0.3266202795923959,micro-mass,0.25,0.2
0.6295419093828907,1.0,0.22698037088102244,0.25701188350184223,0.18369156246103757,micro-mass,0.2,0.2
0.8648165496622013,0.8788152033596792,0.3137954327859674,0.3027949534195562,0.2819664421512726,micro-mass,0.3,0.3
0.7764378366366909,0.9072992110283042,0.33003825660615865,0.3144612750999797,0.3141153661234736,micro-mass,0.25,0.3
0.8748029981736589,1.0,0.23462563428110406,0.2812141813076129,0.11435151598340863,micro-mass,0.2,0.3
1.0,1.0,0.4312131239454141,0.40105908827097947,0.38995459925352766,micro-mass,0.3,0.4
1.0,1.0,0.4089551909656819,0.3885311314144733,0.3561159127766428,micro-mass,0.25,0.4
1.0,1.0,0.4780331205841444,0.46357366731863864,0.4634740385928574,micro-mass,0.2,0.4
1.0,1.0,0.4618550349122182,0.36482790776908147,0.33990762266799546,micro-mass,0.3,0.5
1.0,1.0,0.5744308322500434,0.5554669248511688,0.5553908835970688,micro-mass,0.25,0.5
1.0,1.0,0.5923420414687031,0.5766682785791869,0.5766162654477314,micro-mass,0.2,0.5
0.6656019031276181,0.8966986954067847,0.2677324827992316,0.2823851094656211,0.2523070844349423,micro-mass,0.3,0.1
0.6681457053779393,1.0,0.21255258593266635,0.27052125843790303,0.1813230204618839,micro-mass,0.25,0.1
0.5772068393791632,0.9609896590421315,0.2685948923552636,0.2587290250450247,0.2580587439867548,micro-mass,0.2,0.1
0.7267106239134117,0.9351545206850196,0.2255291600382906,0.26824124681253786,0.1842261628119348,micro-mass,0.3,0.2
0.6747535874936618,0.8776267982713118,0.3286836307516427,0.3116578196662451,0.3109467803017897,micro-mass,0.25,0.2
0.6430980719390299,1.0,0.3149213913071467,0.2946574973350093,0.2941424210475676,micro-mass,0.2,0.2
0.9066828520825011,0.9219951824595619,0.35559657217398577,0.32547588753705076,0.3040048596776304,micro-mass,0.3,0.3
0.9186025213862989,1.0,0.37443473801377686,0.34100271071431076,0.2997565780681327,micro-mass,0.25,0.3
0.8669788626528068,1.0,0.4359409284739639,0.37754160626781313,0.37687594477743747,micro-mass,0.2,0.3
1.0,1.0,0.47594995883756924,0.3826932604078087,0.3617212916423851,micro-mass,0.3,0.4
1.0,1.0,0.3597789612754898,0.26457224521803424,0.14140502259887236,micro-mass,0.25,0.4
1.0,1.0,0.5234399624898916,0.42903251697078587,0.34142341655660335,micro-mass,0.2,0.4
1.0,1.0,0.5468659794397157,0.39359092708459775,0.387674706866307,micro-mass,0.3,0.5
1.0,1.0,0.6075170343671281,0.43959334482446827,0.43834829406436737,micro-mass,0.25,0.5
1.0,1.0,0.6683346831875902,0.4294238857420889,0.42234223209221905,micro-mass,0.2,0.5
0.6982655088539489,0.8685230406074566,0.24857833851767294,0.2668089788157571,0.23317967305368217,micro-mass,0.3,0.1
0.6464759723353266,0.9221550469992646,0.27785399908882225,0.26956550184996597,0.2686045688684107,micro-mass,0.25,0.1
0.6957407956715743,1.0,0.14780934887765407,0.2506540230255719,0.07739647741218322,micro-mass,0.2,0.1
0.7757985689013395,0.9453645674584076,0.22680553992735042,0.2683254010823331,0.17577468684133757,micro-mass,0.3,0.2
0.7566567014814911,0.9547179029069789,0.38292916302853974,0.35468611348647155,0.35401485169829117,micro-mass,0.25,0.2
0.6842533317594679,1.0,0.3385022298995443,0.29581253419721193,0.29528894951784596,micro-mass,0.2,0.2
0.928947289211859,0.9451654971610305,0.3921164388816751,0.32749731996299325,0.3053148855176129,micro-mass,0.3,0.3
0.8522553369269235,0.9840070764931064,0.4253368815561328,0.3456465014045222,0.345188295825204,micro-mass,0.25,0.3
0.8868762335957118,1.0,0.36000560282106914,0.28306252015127703,0.19305089129530145,micro-mass,0.2,0.3
1.0,0.9763405081574631,0.3961861064318208,0.2391753992542455,0.20920246870717943,micro-mass,0.3,0.4
1.0,1.0,0.5809540679814086,0.43738423020670336,0.43655412300824914,micro-mass,0.25,0.4
1.0,1.0,0.630304731529952,0.4128386419226584,0.4081829283240097,micro-mass,0.2,0.4
1.0,1.0,0.636017059177638,0.472632688615675,0.4719814416505719,micro-mass,0.3,0.5
1.0,1.0,0.7180145362560864,0.5571421100123083,0.5559374294409926,micro-mass,0.25,0.5
1.0,1.0,0.7160324606140106,0.4461123913158304,0.438012624669418,micro-mass,0.2,0.5
0.6879540744342664,0.9085345278069362,0.3017642160405236,0.38591960274167386,0.27884147651851865,vehicle,0.3,0.1
0.8301079087395993,1.0,0.4120289534648156,0.5123107782273713,0.38492884700511754,vehicle,0.25,0.1
0.8381813199828478,1.0,0.36149231111929386,0.5225088144687418,0.2858405206836739,vehicle,0.2,0.1
0.7333839597722905,0.903891869868118,0.3498817929079355,0.41684459859155193,0.3286457777168673,vehicle,0.3,0.2
0.8176983354121512,1.0,0.37813280833570095,0.492920451266795,0.34461986633737857,vehicle,0.25,0.2
0.8874452774539027,1.0,0.5757600861893102,0.6057238081750823,0.5581923963641979,vehicle,0.2,0.2
0.6738897821514739,0.9085323361727946,0.2760279670732097,0.34537809575742257,0.23895189611255743,vehicle,0.3,0.3
0.8347933097780132,1.0,0.3784172356852836,0.4821090600530985,0.33605156152687876,vehicle,0.25,0.3
0.9213229808207979,1.0,0.5368866767182437,0.5958627488930135,0.4982683229059328,vehicle,0.2,0.3
0.6647709691448132,0.8900174937991528,0.2418656738884091,0.28550860948113804,0.1859337310305989,vehicle,0.3,0.4
0.9336950138652224,1.0,0.47862043474749444,0.5395586709308797,0.43899723676749763,vehicle,0.25,0.4
0.9438746340107913,1.0,0.4446793228097308,0.5550995668176225,0.35240156495310737,vehicle,0.2,0.4
0.6950099459418035,0.887679876957953,0.24145474488554747,0.25311031018987473,0.17150510835075955,vehicle,0.3,0.5
0.9576345542367618,1.0,0.4530084406161778,0.5095268126302712,0.3951088398541587,vehicle,0.25,0.5
0.9754323398491305,1.0,0.6613872248976544,0.657574610535099,0.6574712035109033,vehicle,0.2,0.5
0.7997550507635076,1.0,0.3832462586378227,0.4482837200204621,0.36623485405226786,vehicle,0.3,0.1
0.8723492876354273,1.0,0.40640057039581484,0.5187465672296824,0.37750388810651414,vehicle,0.25,0.1
0.8820643603744701,1.0,0.351011117545465,0.5308273446047947,0.26838832153018516,vehicle,0.2,0.1
0.6970286643832834,0.8898961954596745,0.26740449929346716,0.3549562033780569,0.23944213238558715,vehicle,0.3,0.2
0.8982849733350865,1.0,0.47425799061273954,0.5452769073365883,0.45165444987515246,vehicle,0.25,0.2
0.9177433037834521,1.0,0.5160046808282237,0.5846835375579678,0.47951287248364055,vehicle,0.2,0.2
0.8748838219046549,0.9608682812507044,0.455876510814118,0.48728185842909644,0.4330101540450523,vehicle,0.3,0.3
0.8737565941183218,1.0,0.37508803642641514,0.48602813021003594,0.3259081351581669,vehicle,0.25,0.3
0.9262424146333829,1.0,0.42278139630252165,0.5465958486993783,0.33195958087445326,vehicle,0.2,0.3
0.7646962066419161,0.9314269426804691,0.30928615538321125,0.34003809120578726,0.25789307584055443,vehicle,0.3,0.4
0.9112607364107436,1.0,0.4154081618497371,0.48187431669725667,0.3511359415304861,vehicle,0.25,0.4
1.0,1.0,0.5543216484547993,0.6038201199223674,0.49401929491848295,vehicle,0.2,0.4
0.805147469113943,0.9474781591945993,0.3323057717661624,0.3288749506157343,0.2625724987210387,vehicle,0.3,0.5
0.9163446705039587,1.0,0.3925061071045828,0.4389511850019447,0.2962439166690477,vehicle,0.25,0.5
1.0,1.0,0.581097950323791,0.6197917788946208,0.5072742670865444,vehicle,0.2,0.5
0.7266141728962704,1.0,0.23765384423654826,0.3538199545852398,0.21023066637255558,vehicle,0.3,0.1
0.983410697518855,1.0,0.5730452952105224,0.6145538774394308,0.5617606020742226,vehicle,0.25,0.1
0.9244086869376442,1.0,0.3258148923034542,0.5288396665065116,0.2340829842023022,vehicle,0.2,0.1
0.8372206683908429,1.0,0.36226728810435116,0.4381919436146441,0.3389635455324542,vehicle,0.3,0.2
0.926178234826487,1.0,0.40030345368873377,0.5218714052172145,0.36450176633239656,vehicle,0.25,0.2
0.9448776412768004,1.0,0.3934453465126262,0.5485310903989326,0.3125217088581565,vehicle,0.2,0.2
0.7369158039695702,0.9861207833761464,0.25648795965454396,0.3242952428460613,0.21237260750226658,vehicle,0.3,0.3
0.9399361365272445,1.0,0.43127062118619347,0.513401158665251,0.38689130284942563,vehicle,0.25,0.3
0.9885572608117018,1.0,0.47117109007833335,0.5766252657081224,0.39864822952602813,vehicle,0.2,0.3
0.7620426373253422,0.958320405398741,0.28535900550697985,0.29735857720113806,0.21474696635581955,vehicle,0.3,0.4
0.9849304466405389,1.0,0.45913051239923947,0.5201108598158988,0.4017559892433451,vehicle,0.25,0.4
1.0,1.0,0.6232425784913185,0.6441338697638316,0.5841703577687547,vehicle,0.2,0.4
0.8326031038255796,0.9892423881068902,0.3318970133532421,0.3239063754509737,0.2531531468248445,vehicle,0.3,0.5
0.9065191144233362,1.0,0.3451964419188344,0.3980108178508666,0.22376370621611902,vehicle,0.25,0.5
1.0,1.0,0.5789235582472362,0.6205001659842586,0.5004734135928466,vehicle,0.2,0.5
0.4327421355719032,0.6629066526049265,0.15682495529531426,0.20531372055278582,0.13800343984834332,yeast,0.3,0.1
0.5715550747009214,0.7629702388438823,0.2987667387388207,0.33611043864912493,0.2845434708220824,yeast,0.25,0.1
0.6059731291384838,0.9866645391453425,0.34432871971448803,0.3839392162968485,0.32326880925133616,yeast,0.2,0.1
0.5231236171920661,0.6574439571904395,0.24544120587001583,0.26839951020475605,0.2290342548713268,yeast,0.3,0.2
0.48709646935341,0.8006629611667285,0.1293544566463878,0.24110602380642568,0.08948357885995457,yeast,0.25,0.2
0.60826407440914,0.9851263579137669,0.371434230226237,0.38784827825501494,0.35698773492417746,yeast,0.2,0.2
0.4123008611899845,0.65506805774634,0.09080577421269985,0.10090410588399684,0.04002172588881482,yeast,0.3,0.3
0.6525440378497566,0.7826738409227749,0.3111518135277009,0.33705446756857566,0.28141216854880463,yeast,0.25,0.3
0.6801895577235003,1.0,0.39476292040561783,0.40712443745260624,0.37488922598376,yeast,0.2,0.3
0.6859169252296845,0.7262768137103169,0.3113703249123356,0.2929894664221452,0.2777281947724084,yeast,0.3,0.4
0.743880105576997,0.8572095173351216,0.32721551456740977,0.32608799346796224,0.2781423071991721,yeast,0.25,0.4
0.8011939652842921,1.0,0.39800283583242,0.41663019747963304,0.3506978008301391,yeast,0.2,0.4
0.7725927845213109,0.8213037060520915,0.3199190394268036,0.2804164626458396,0.26672687096125725,yeast,0.3,0.5
0.8973118244574262,0.9983905331164895,0.43321345051258026,0.4153282359333019,0.39922693936127335,yeast,0.25,0.5
0.9324422103403062,1.0,0.4363606185148357,0.44197769507090945,0.3774141577522322,yeast,0.2,0.5
0.4008750645262264,0.714737770850298,0.09210123069461397,0.16479237782039027,0.06885173728733313,yeast,0.3,0.1
0.5482736884191769,0.7867413836256133,0.18130490763703688,0.28267522806584583,0.15404544691728986,yeast,0.25,0.1
0.6209463252939942,1.0,0.3290060789993078,0.37385983890078506,0.30655756880550455,yeast,0.2,0.1
0.3137258964205603,0.7071334264044479,0.0039352649960841465,0.07294498172978779,-0.0,yeast,0.3,0.2
0.632417716524658,0.8157441364385349,0.32096117482794745,0.35643151917300214,0.3008405370152599,yeast,0.25,0.2
0.644081601936295,1.0,0.3108754445135573,0.37436758035294965,0.2725878480916344,yeast,0.2,0.2
0.5625476755122664,0.7071154916395108,0.23006319731558694,0.22314621866838028,0.19052850221042977,yeast,0.3,0.3
0.6761693403269218,0.8018727331261799,0.32175188658327825,0.33739525995753766,0.27774727355720513,yeast,0.25,0.3
0.6850944878851362,1.0,0.3964495270551016,0.38970898624772116,0.3550226195489932,yeast,0.2,0.3
0.6130776495733189,0.710754118299541,0.24056914463746712,0.19234260918045648,0.16686550991619892,yeast,0.3,0.4
0.7114135469748615,0.83891353507473,0.3199583535547462,0.2821705490452045,0.23275227257074685,yeast,0.25,0.4
0.7821042179608474,1.0,0.44060553061022106,0.4051276724855101,0.37044857697923156,yeast,0.2,0.4
0.816951920507101,0.9022174309031122,0.4031834398663482,0.3486562817961106,0.33881571641708746,yeast,0.3,0.5
0.7930083119969892,0.9073618535215422,0.3699104223877884,0.28565415849758274,0.25367919232646907,yeast,0.25,0.5
0.9061039322175576,1.0,0.4984659838293297,0.443193347852481,0.40978878198429336,yeast,0.2,0.5
0.4599770267211412,0.7123408049317612,0.11249735455508543,0.17106635404830595,0.09324875065291068,yeast,0.3,0.1
0.6097422317364861,0.8284216826935556,0.2334293384139671,0.30901445920806886,0.21276795401275791,yeast,0.25,0.1
0.6657169705653405,1.0,0.38005678891867556,0.4041686566088124,0.366337355091575,yeast,0.2,0.1
0.5244864712202043,0.7698117401369078,0.1814439335519739,0.21112651035719115,0.15746935885954944,yeast,0.3,0.2
0.6281242763695835,0.8933350311568149,0.252966505164213,0.31390955909592677,0.22103166697294335,yeast,0.25,0.2
0.6798598578186744,1.0,0.3908120328540026,0.40733918063759295,0.3694974051723083,yeast,0.2,0.2
0.6493285744728964,0.78008486734275,0.3056488503020012,0.287021011435706,0.25892280327998035,yeast,0.3,0.3
0.6769792938997842,0.8527347807610098,0.2963117501672889,0.308775118782104,0.23161974990140533,yeast,0.25,0.3
0.7372121885838196,1.0,0.4006198693521722,0.39575956377363636,0.3211213542088461,yeast,0.2,0.3
0.6378970160138183,0.7631075484245339,0.2722326518632283,0.2106350456037762,0.18844773955267843,yeast,0.3,0.4
0.7259649531669391,0.8477659418359993,0.3543328568449552,0.2882769186930859,0.24581693001513158,yeast,0.25,0.4
0.7811310254141016,1.0,0.34563496262549226,0.34045450288149165,0.16514544634550357,yeast,0.2,0.4
0.760725429275997,0.8419225684837949,0.3797233086795699,0.29510259485648077,0.2841675428736745,yeast,0.3,0.5
0.7894827055402915,0.8754280444075516,0.4113692608643644,0.29822633621182854,0.27178635432004966,yeast,0.25,0.5
0.8495254369541027,1.0,0.4852884851627095,0.36003258316046327,0.293808356472747,yeast,0.2,0.5
0.4069675483021615,0.5501859506978244,0.2930259278424103,0.3236329898641729,0.281783181885059,page-blocks,0.3,0.1
0.4639354529083855,0.6927634086961427,0.3739775677079516,0.4719211546317432,0.35323720037743955,page-blocks,0.25,0.1
0.7086678735931792,0.9285120733930297,0.3724611044899886,0.6911694780774813,0.30436237092404006,page-blocks,0.2,0.1
0.3256899340179006,0.5560880230708717,0.21677687940492243,0.24501467547473804,0.2005942598196941,page-blocks,0.3,0.2
0.4484515070889592,0.7006245864347963,0.3594668685889589,0.450454723921777,0.33395956067400195,page-blocks,0.25,0.2
0.7914140810677016,0.9289713989431898,0.4857162736665439,0.7410852374489113,0.4242214373765859,page-blocks,0.2,0.2
0.30990110148406314,0.5370674760455124,0.19447432713141935,0.20241366685454965,0.1645312794945,page-blocks,0.3,0.3
0.39653708517689995,0.669797825164948,0.3095812797159054,0.3697499380919118,0.2638010043136124,page-blocks,0.25,0.3
0.7719796648418886,0.9613868249989004,0.48988023663059255,0.7159472141950325,0.40423018164935864,page-blocks,0.2,0.3
0.3649811984528349,0.5381107548409942,0.23252504739589194,0.21523103269911475,0.18741162382390059,page-blocks,0.3,0.4
0.4385300974186465,0.669144235501265,0.3341708422184349,0.34657280921050787,0.26627340876984484,page-blocks,0.25,0.4
0.8126143666621365,0.9534524956598227,0.5680491057661217,0.7229936850328325,0.46504442948263813,page-blocks,0.2,0.4
0.4328197032353505,0.5521900543221133,0.28043797517312,0.24393054972354103,0.22379680702432844,page-blocks,0.3,0.5
0.5097179186635806,0.6945397291938099,0.38130162656274985,0.3559004611442419,0.29731197759049466,page-blocks,0.25,0.5
0.5569391383121296,0.8497277392488823,0.38067136620188724,0.5361264401340587,0.19102942650623211,page-blocks,0.2,0.5
0.4180256566821351,0.5979391255577476,0.2859102283652805,0.31739476830833263,0.2748077589120292,page-blocks,0.3,0.1
0.42137981075751085,0.7416635716835525,0.3197086648185797,0.42724036106514535,0.29704426994774974,page-blocks,0.25,0.1
0.8928811982240186,1.0,0.5862979667306004,0.798941893624051,0.541793115768306,page-blocks,0.2,0.1
0.4273711331185409,0.6149004882849312,0.2933788024639541,0.3192039781848886,0.27899084353124143,page-blocks,0.3,0.2
0.5250389883022573,0.7475243222281308,0.40618764606169705,0.4906638092029509,0.38221250452118,page-blocks,0.25,0.2
0.8424745328407784,1.0,0.5256277242650239,0.7617559441182868,0.46792882563160054,page-blocks,0.2,0.2
0.39390872847581787,0.5660231877950712,0.25699831517995714,0.26244060004856296,0.22783721807970111,page-blocks,0.3,0.3
0.34171087203821615,0.7106251229230276,0.24801675136722678,0.31000418796556967,0.1954206026338817,page-blocks,0.25,0.3
0.8189327689024245,1.0,0.5285142431127386,0.7304048054782742,0.4449454142437799,page-blocks,0.2,0.3
0.33892183120831076,0.5625395576241429,0.19786048288234281,0.17537350744905425,0.14723685806264575,page-blocks,0.3,0.4
0.45180400536152193,0.679006551463121,0.33299667585619064,0.33928163657354177,0.2611310693665093,page-blocks,0.25,0.4
0.8503380505671306,1.0,0.5981387000593835,0.7304356571494619,0.4971407274172137,page-blocks,0.2,0.4
0.44054778748353013,0.5829988747769274,0.2813636390877954,0.2401107651331035,0.22109079555503297,page-blocks,0.3,0.5
0.4333148031073896,0.6937973803044366,0.31058028971764,0.2726939801736007,0.2111939941467139,page-blocks,0.25,0.5
0.8262517958771148,1.0,0.6127127206124561,0.686268951327198,0.48183273032148116,page-blocks,0.2,0.5
0.41525974888192013,0.6222576968689791,0.2618622576679654,0.2948532220463168,0.25060453755904527,page-blocks,0.3,0.1
0.47025171847518554,0.7787492866135541,0.3379126349313515,0.44385213033501764,0.31606052652067534,page-blocks,0.25,0.1
0.9709208911100076,1.0,0.6616539525839089,0.8389120372549513,0.6248656863313539,page-blocks,0.2,0.1
0.34789480634475817,0.635252152073162,0.19895529553779862,0.22802585822249125,0.1822621269734838,page-blocks,0.3,0.2
0.4006852083583102,0.76848376368081,0.27860656405065853,0.3807794212918901,0.2485805977843709,page-blocks,0.25,0.2
0.8649720320946434,1.0,0.5236091974139082,0.7613872910381362,0.46407185181292726,page-blocks,0.2,0.2
0.40293416454498693,0.6273302015222716,0.24821033959368158,0.25117621837772136,0.21661130865549144,page-blocks,0.3,0.3
0.2597167895338449,0.7634676574845823,0.1599768484376923,0.22477746387193925,0.09831807240215573,page-blocks,0.25,0.3
0.8605921392128412,1.0,0.55980323141483,0.7398680583947608,0.47582188702160205,page-blocks,0.2,0.3
0.4704884304952631,0.6100755397412327,0.30596993826195557,0.28383558609504084,0.2602174316369907,page-blocks,0.3,0.4
0.537061166702496,0.7954888335129884,0.39385014404842505,0.3880350691889671,0.32090712325245907,page-blocks,0.25,0.4
0.8315987808801404,1.0,0.5779437125867294,0.6935790858984299,0.4606073378178458,page-blocks,0.2,0.4
0.37608662340158255,0.5503446295314531,0.21378664637535774,0.1653223173168118,0.1456138338058262,page-blocks,0.3,0.5
0.44103877347044174,0.7611362944675326,0.30920860748376566,0.26262820388933583,0.20427360889401372,page-blocks,0.25,0.5
0.812017884335002,1.0,0.5982332965574019,0.6554927857067936,0.45691532348739106,page-blocks,0.2,0.5
0.2220548906498858,0.32497042306854995,0.09387480181133369,0.09785940497325449,0.08620999976013291,optdigits,0.3,0.1
0.2981444069009671,0.3825544907582768,0.16507191427840887,0.17389805998271096,0.15799799814012871,optdigits,0.25,0.1
0.3016186301743171,0.5547855637115618,0.1182925158473666,0.1779950162329105,0.099641922053225,optdigits,0.2,0.1
0.21084370433567562,0.3253092290918174,0.07715730030503905,0.07911878183705578,0.06711146757234218,optdigits,0.3,0.2
0.15099759306948377,0.3970780341613996,0.010013074585996143,0.038721988074670796,-0.0,optdigits,0.25,0.2
0.3382434537729773,0.5392904915507551,0.1783146040903183,0.2076940704822968,0.16442627076675276,optdigits,0.2,0.2
0.2236988028108602,0.33364322952173314,0.06955944084502239,0.060747118834350015,0.05135709890771368,optdigits,0.3,0.3
0.2908188069342876,0.4085903024202407,0.12666396537545274,0.12641241476434611,0.10642634694484257,optdigits,0.25,0.3
0.33944432838277094,0.5437895147328841,0.13582662903371379,0.17577214623648474,0.10176632336435877,optdigits,0.2,0.3
0.2829213340901699,0.34574722165971494,0.09757328480283206,0.0785017559792672,0.0732602036400807,optdigits,0.3,0.4
0.2973863724091428,0.4199682210364909,0.1019539888862221,0.08250066016562173,0.06727079795218688,optdigits,0.25,0.4
0.4033836760000563,0.5655811340305535,0.17641625044016174,0.18656258594979544,0.1374358066103043,optdigits,0.2,0.4
0.34462803267986286,0.3966534233771586,0.12340359657462853,0.09832802485773097,0.09518279752024465,optdigits,0.3,0.5
0.42281946531739184,0.5051616881321086,0.1930109800024744,0.1715136008228329,0.1656575858060606,optdigits,0.25,0.5
0.47713895927538186,0.6823654700407595,0.21345947940316387,0.20217408090327263,0.1711591605552965,optdigits,0.2,0.5
0.25977041620218183,0.3463302634148002,0.11933546275795111,0.12255479537870428,0.11284757907787096,optdigits,0.3,0.1
0.31894147521449845,0.4310418233428993,0.1682591625969672,0.18071924070324566,0.16113023955561498,optdigits,0.25,0.1
0.3235472945949087,0.5658865338900481,0.13382258970806546,0.1853042176095804,0.11767481015679697,optdigits,0.2,0.1
0.2622844622391794,0.34161137157807414,0.1184774879757394,0.11827440896453892,0.10915964059647414,optdigits,0.3,0.2
0.22378881553264154,0.4245918691882113,0.06554325565009125,0.08636991397667675,0.04926165762309356,optdigits,0.25,0.2
0.3653797743802489,0.5895505171838271,0.2001525798820397,0.22308318273784342,0.1849195864332091,optdigits,0.2,0.2
0.2984128931297138,0.3446843099426025,0.1433026979312099,0.1302134129021295,0.12448376026087125,optdigits,0.3,0.3
0.2216786102934117,0.4089158574772553,0.056904829414946005,0.04748093896819475,0.018896745989784764,optdigits,0.25,0.3
0.36806618643317063,0.5885525130700667,0.18242168249212906,0.1919438150157682,0.13901039262231532,optdigits,0.2,0.3
0.3184633651837905,0.3740134186320579,0.14216307825613037,0.11349652382589882,0.10936620561524905,optdigits,0.3,0.4
0.361688031392581,0.4734970476747053,0.18196786501075862,0.1472645688136093,0.13727473197414156,optdigits,0.25,0.4
0.4174004308194902,0.6827827486349839,0.2353028258607916,0.19922536581210412,0.17013215141280458,optdigits,0.2,0.4
0.37711139709906577,0.4263129664123833,0.18188518882613175,0.1414561394933767,0.13911104604750546,optdigits,0.3,0.5
0.3900631119155183,0.48541609668390706,0.19896109420290478,0.14158126011478947,0.13573257319644502,optdigits,0.25,0.5
0.4583883308853352,0.6734290800714992,0.2580736761698377,0.19027855347262454,0.1643205044898936,optdigits,0.2,0.5
0.24120001410622902,0.37881569608765103,0.07886281103420113,0.0857104519169327,0.07172007686399755,optdigits,0.3,0.1
0.2692119287962651,0.45541133771247455,0.09247112335901847,0.119836196165342,0.08244716375184138,optdigits,0.25,0.1
0.36252184656042896,0.6214728813190489,0.16710166998093998,0.20830170982994753,0.15402803871386067,optdigits,0.2,0.1
0.23874996463410095,0.38616403946655625,0.07533401854501022,0.07641940689979687,0.06305983533418463,optdigits,0.3,0.2
0.31012727108197186,0.4279233099970216,0.1384267413039693,0.1477025795157724,0.12406695734050202,optdigits,0.25,0.2
0.3254605888527924,0.5769242314065971,0.1002391328068512,0.16378865475093995,0.0680639618613473,optdigits,0.2,0.2
0.3188436088271081,0.37366583454492114,0.1607381042949306,0.14068905471008664,0.13568312763759827,optdigits,0.3,0.3
0.3421452988806156,0.45815137445290643,0.16929359650840978,0.15230829106622912,0.13433602230150626,optdigits,0.25,0.3
0.42271722854794364,0.6208859973316652,0.2545471501303971,0.2404907642215908,0.21192529517804112,optdigits,0.2,0.3
0.31369095662909907,0.37765174295963144,0.149047557038545,0.10694480337349191,0.10349752608939947,optdigits,0.3,0.4
0.3165317878218964,0.4389522572148582,0.1506832439973517,0.09174862395383693,0.07852735757680517,optdigits,0.25,0.4
0.34902946114468913,0.5926917428089239,0.1906075064842537,0.12228758382935509,0.05507307754824448,optdigits,0.2,0.4
0.36700570889456463,0.4085008148754266,0.19425284711385407,0.1387229922288898,0.13677227013191118,optdigits,0.3,0.5
0.3376110004193006,0.4323833005651061,0.1766276749344217,0.08688421637652712,0.07933976222603026,optdigits,0.25,0.5
0.43037958999527104,0.6314543851173109,0.3069768841157287,0.17864028385941283,0.16734064059724438,optdigits,0.2,0.5
0.21238265444427426,0.3553926088016659,0.09176112249493015,0.09967412767643138,0.08347366316031098,satimage,0.3,0.1
0.290296604004806,0.4498439660439391,0.16250375579870222,0.19038865785728062,0.15208313694410966,satimage,0.25,0.1
0.3614781005362498,0.6457633837739014,0.14678225675215023,0.2650639023699051,0.11844995640048138,satimage,0.2,0.1
0.21423998865852564,0.3525300281814199,0.09123744196278424,0.09653340920088144,0.0814760743087762,satimage,0.3,0.2
0.27506645221864523,0.4466688245024634,0.14623290883797913,0.1726981626627824,0.13313580443619744,satimage,0.25,0.2
0.3943340439131613,0.6428932364728474,0.1944768520909538,0.2852070455447314,0.1686137236518364,satimage,0.2,0.2
0.2819417357974206,0.3540577708279012,0.14814385847499975,0.14485655594460087,0.13488084548174684,satimage,0.3,0.3
0.32018410963964944,0.44202762222622033,0.17937278512018556,0.18904544891975616,0.16084286415699844,satimage,0.25,0.3
0.4166686947883818,0.6231995759772126,0.22144149976385674,0.287560747704738,0.18888637280220938,satimage,0.2,0.3
0.26609061085180785,0.3548240646603566,0.11629195830839474,0.10266535756077035,0.09421013906604905,satimage,0.3,0.4
0.23498177398930573,0.4099636525891748,0.08583179336416387,0.07782507545829552,0.0480130711762975,satimage,0.25,0.4
0.42121270431911684,0.6021585630762472,0.22009891416294303,0.26898552689521293,0.17154329750729397,satimage,0.2,0.4
0.3107349103500702,0.39581373578921875,0.14188753154173894,0.12069919230718454,0.11473479306216433,satimage,0.3,0.5
0.3248093571656124,0.4724029137638499,0.15210502358440464,0.12941276934934567,0.11073508586799986,satimage,0.25,0.5
0.5000356698430652,0.6904852738708331,0.29189484421039114,0.30661869573754014,0.2499636713962281,satimage,0.2,0.5
0.27020308534436543,0.39831583619392996,0.13474125259788428,0.14188084511351626,0.1278103538640734,satimage,0.3,0.1
0.310365945936735,0.500654741609398,0.16674835849094677,0.19648773875477057,0.15655264747345599,satimage,0.25,0.1
0.46457495571864926,0.6870715976337594,0.28371800481044884,0.3352937065021784,0.270259844942622,satimage,0.2,0.1
0.2826058589840528,0.38678513166104905,0.14564531633537556,0.1498965534791783,0.1369215107280111,satimage,0.3,0.2
0.2081273837433573,0.45332426883020965,0.07030598170350577,0.10552033248365347,0.053232741944510734,satimage,0.25,0.2
0.4599466234651597,0.6438889187151303,0.27290953891062353,0.32740108273856344,0.25490530288692753,satimage,0.2,0.2
0.2604656719095365,0.36585821927501894,0.11727599366126536,0.11104634197002033,0.09980506489880424,satimage,0.3,0.3
0.33717750743158803,0.454394677466722,0.1858611408219512,0.191342565243677,0.16447263510968452,satimage,0.25,0.3
0.4496837022391464,0.6452702328898494,0.2538521532211156,0.30331043074455616,0.2188951243216071,satimage,0.2,0.3
0.2618584488965586,0.3752312964405667,0.1086945116729937,0.08842198688338117,0.07983582010457249,satimage,0.3,0.4
0.26297069707455234,0.4562924089344868,0.10985399628371387,0.09306505501257495,0.06482326689538974,satimage,0.25,0.4
0.5012415099838987,0.6910937619676385,0.3228542575234084,0.3263988059231995,0.2779465927343624,satimage,0.2,0.4
0.33094540378145954,0.3801795565583324,0.16405676636828062,0.13686984202376684,0.13163517378458406,satimage,0.3,0.5
0.30101714200135854,0.42173413380725244,0.13765547173646817,0.09908023497752036,0.0801977760434469,satimage,0.25,0.5
0.40809085037253795,0.6797722239338677,0.230554578355718,0.22262463503734065,0.13419011399716121,satimage,0.2,0.5
0.24730625272955264,0.42695562857164127,0.09399282040102946,0.10359351323438748,0.0866143614999173,satimage,0.3,0.1
0.3281843991728068,0.48203202071515044,0.16472418534016448,0.19416521322645836,0.15507437735684265,satimage,0.25,0.1
0.4120497467647592,0.7099120724007115,0.16612565182670833,0.2775310807522832,0.14038621857459152,satimage,0.2,0.1
0.24524720997178634,0.4007470610539826,0.09153112956079208,0.09708233213509393,0.0814726850301384,satimage,0.3,0.2
0.30067657281125815,0.48458367862244967,0.13957530835875112,0.1675938558647567,0.1240906832083921,satimage,0.25,0.2
0.46031483388099415,0.7813463587978885,0.24636804474605556,0.312870678695764,0.22273381331922154,satimage,0.2,0.2
0.25412463003679037,0.4148804369823713,0.09926745806248813,0.08995008755263459,0.07803085777323022,satimage,0.3,0.3
0.28378001933385005,0.49269330644350673,0.12562058755525876,0.1277629153037738,0.09299089496881772,satimage,0.25,0.3
0.5126236248157064,0.7065526061420487,0.32110681704207433,0.3481524131754764,0.28919634828206464,satimage,0.2,0.3
0.29165617136217853,0.4079329784937282,0.13469602463346592,0.10829109608312497,0.10069868278022381,satimage,0.3,0.4
0.33049131552937044,0.4563138540230944,0.17044513295133032,0.14490064011350598,0.12210878447633765,satimage,0.25,0.4
0.4097999474508771,0.7183999558897133,0.22192771733325045,0.2355580112299685,0.1321658847226649,satimage,0.2,0.4
0.2910256626177544,0.3811675347448004,0.1326117992415646,0.09036207062386037,0.0851083054817992,satimage,0.3,0.5
0.34890121562156706,0.4871960375987629,0.19456427675267252,0.14065491248475348,0.12615021990130643,satimage,0.25,0.5
0.47423964510994077,0.653709917315969,0.31293614358754107,0.26736548976711666,0.21180115405792527,satimage,0.2,0.5
0.08693124337898314,0.15563176159399764,0.031268738313678685,0.03105638030296964,0.027730579464793407,kropt,0.3,0.1
0.12659149740876427,0.17825421399845395,0.06885494913695839,0.070946007806085,0.06513363286632048,kropt,0.25,0.1
0.14979054153395835,0.24999869970242958,0.08594158391430679,0.10446375915164409,0.08004019441518342,kropt,0.2,0.1
0.0911286550065838,0.1506206586987822,0.031672885505477484,0.029084367669129415,0.02641374441112562,kropt,0.3,0.2
0.08613817681753323,0.1771639007286849,0.024835103008420345,0.02488313533729443,0.017739537512486303,kropt,0.25,0.2
0.1545599123078051,0.24302995654308923,0.08686586507835625,0.09888634105359621,0.07834322025315964,kropt,0.2,0.2
0.1212148429584783,0.15712444137280612,0.04501404403895613,0.036068552217358635,0.03468134341470283,kropt,0.3,0.3
0.11248126799805405,0.1736910992227627,0.03448625522516343,0.0236891539589296,0.020060918826169363,kropt,0.25,0.3
0.1922106116839879,0.2591700092468232,0.10745749088339071,0.10233216858739964,0.09219503493510887,kropt,0.2,0.3
0.15965280660466508,0.1768286513845229,0.05688434658358084,0.04366346925966545,0.0430491835316892,kropt,0.3,0.4
0.20515600061501965,0.2372152027775723,0.10023168186424529,0.08677026588576295,0.08562058175656789,kropt,0.25,0.4
0.23836300888775128,0.3167867705740922,0.12677620567569012,0.1106433807539374,0.1058409877029041,kropt,0.2,0.4
0.2297894089085049,0.2491086922064159,0.09660204875302081,0.08233246101661117,0.08204055326722223,kropt,0.3,0.5
0.22874015925145363,0.2856968651752123,0.09302437330390016,0.0729834793707967,0.0721955098050161,kropt,0.25,0.5
0.24368994624926854,0.3534831259460126,0.10409626127807037,0.07181756979032199,0.06776804664075102,kropt,0.2,0.5
0.12145772398283869,0.16144162759614034,0.060100807102062656,0.05974336021737168,0.05713779723271,kropt,0.3,0.1
0.11064251604844556,0.19530873251977973,0.045880967714849785,0.04917511037699248,0.04203763260574359,kropt,0.25,0.1
0.13505519891484338,0.2774658823981517,0.0647031131022984,0.08900323392492386,0.0580090089365992,kropt,0.2,0.1
0.10233073039622112,0.170562955564708,0.03815781598289968,0.0343546818701945,0.03157996397976096,kropt,0.3,0.2
0.16822227390579572,0.1907046498059753,0.10396221086896906,0.10090211700393019,0.09753856815435578,kropt,0.25,0.2
0.14554918388917218,0.25171609270951706,0.07513872566671048,0.08658636369424343,0.06191204117273114,kropt,0.2,0.2
0.11314825106894698,0.1596158961063196,0.04081931509373338,0.024659478772378108,0.023244848915083906,kropt,0.3,0.3
0.14456031585917245,0.19004496565492268,0.07365142699574774,0.05380870676537696,0.05096014984655415,kropt,0.25,0.3
0.1565001028060545,0.23370623383550726,0.0896329660860027,0.0635690716218072,0.050231278526241846,kropt,0.2,0.3
0.1568955930638273,0.18116808622271754,0.07275698197095656,0.04571802449054069,0.04516741322757437,kropt,0.3,0.4
0.1966968945929487,0.21210873393685195,0.11641317191378729,0.08361473992582674,0.08264380077040659,kropt,0.25,0.4
0.19479598984343255,0.28329734472828116,0.12920478457041584,0.06865849739113172,0.06270523731987775,kropt,0.2,0.4
0.2066043156879125,0.21941915345663895,0.10991349544835437,0.07594443949698004,0.07571512815673595,kropt,0.3,0.5
0.2206311333330929,0.24898180471430215,0.13110528673689492,0.08421646303851564,0.083678944187588,kropt,0.25,0.5
0.2784897267905876,0.36134653782773596,0.20519269434056567,0.13258251285777697,0.13062545027054362,kropt,0.2,0.5
0.15064365262234156,0.17204535777248264,0.08217608643755611,0.08195975086948232,0.07962256923809878,kropt,0.3,0.1
0.11826151106104298,0.22096460730834974,0.044942824362765976,0.04883295795244299,0.04127281077932399,kropt,0.25,0.1
0.173585491887565,0.3026369282753966,0.09220193556557378,0.11266490625781199,0.08653224602479298,kropt,0.2,0.1
0.12855310897517283,0.17733490672888882,0.05963769216657057,0.05434825987218273,0.05204957008100594,kropt,0.3,0.2
0.10416345729644763,0.20645872644767826,0.03297278037261894,0.02864269410065439,0.021704479756697086,kropt,0.25,0.2
0.16711096271310272,0.2916503236243653,0.09249989723304018,0.09736806167246724,0.0748019772019765,kropt,0.2,0.2
0.13692739162738227,0.1737376044869444,0.0704689263975157,0.04775132784824145,0.04672956299917106,kropt,0.3,0.3
0.16427194577650595,0.20836077912975987,0.10196099399701311,0.07160319027085776,0.06931559585914436,kropt,0.25,0.3
0.1677832710461962,0.2569449935947278,0.11911304767871382,0.07022602297173156,0.05920366510520256,kropt,0.2,0.3
0.1581063280713091,0.18846276787842975,0.09060564581844863,0.05142108990517951,0.05092965325518923,kropt,0.3,0.4
0.1650430744420758,0.20613129052562118,0.11228406684872813,0.0553892713517767,0.05446631091580922,kropt,0.25,0.4
0.16815366212130023,0.2605220115021452,0.14941274630025864,0.04602785958380983,0.04023773540316712,kropt,0.2,0.4
0.1623169772654034,0.18758183710090767,0.09558148471020891,0.042855612499280896,0.042625705611352205,kropt,0.3,0.5
0.18941062658232127,0.21865082561517332,0.13805836042340866,0.06528262563507715,0.06480304655368502,kropt,0.25,0.5
0.20167224980727616,0.3162167311144361,0.2022588142781354,0.06630010312328542,0.06430424687913434,kropt,0.2,0.5
